{
  "core": {
    "pr_auc_samples": 0.20321832664085293,
    "roc_auc_samples": 0.5236996200695857,
    "f1_samples": 0.14880638767299476
  },
  "acc_at_k": {
    "3": 0.5076923076923078,
    "5": 0.32,
    "7": 0.23886446965919744,
    "10": 0.2420757044966404,
    "15": 0.21856344755643456,
    "20": 0.22113315080220883,
    "30": 0.256184590558211
  },
  "hit_at_k": {
    "3": 1.0,
    "5": 1.0,
    "7": 1.0,
    "10": 1.0,
    "15": 1.0,
    "20": 1.0,
    "30": 1.0
  }
}